{
    "0": {
        "total_time": 71.6400465965271,
        "building_times": {
            "46": 1.0272507667541504,
            "37": 0.6788136959075928,
            "41": 0.6460206508636475,
            "73": 0.6504552364349365,
            "48": 0.703117847442627,
            "57": 0.596973180770874,
            "14": 0.7786440849304199,
            "16": 0.6535348892211914,
            "27": 0.6686830520629883,
            "12": 0.713869571685791,
            "1": 0.6670193672180176,
            "8": 1.048802137374878,
            "79": 0.6327698230743408,
            "9": 0.9271986484527588,
            "62": 0.6569476127624512,
            "29": 0.6485574245452881,
            "33": 1.42820143699646,
            "78": 0.6710584163665771,
            "50": 0.688554048538208,
            "53": 0.9242053031921387,
            "17": 0.561957836151123,
            "63": 0.6422808170318604,
            "24": 0.6303436756134033,
            "40": 5.025702476501465,
            "22": 1.4493262767791748,
            "32": 0.6000292301177979,
            "2": 0.7248656749725342,
            "11": 1.1147346496582031,
            "34": 0.6223087310791016,
            "59": 0.6809086799621582,
            "44": 0.6763834953308105,
            "26": 0.6387813091278076,
            "60": 0.6772713661193848,
            "6": 0.9923553466796875,
            "43": 0.7129478454589844,
            "18": 1.0869274139404297,
            "67": 0.756497859954834,
            "42": 0.6580982208251953,
            "71": 0.8716599941253662,
            "52": 0.6293470859527588,
            "61": 0.7404682636260986,
            "36": 3.9177308082580566,
            "58": 0.6667923927307129,
            "5": 0.6640970706939697,
            "35": 1.4100370407104492,
            "64": 0.6338725090026855,
            "13": 0.685488224029541,
            "45": 0.6722595691680908,
            "25": 0.699465274810791,
            "70": 0.7098550796508789,
            "39": 0.6310501098632812,
            "54": 0.708183765411377,
            "4": 1.5898029804229736,
            "23": 0.6777353286743164,
            "72": 0.5957169532775879,
            "77": 0.7258000373840332,
            "28": 0.6938786506652832,
            "47": 0.6841874122619629,
            "20": 1.3118877410888672,
            "69": 0.5664873123168945,
            "68": 0.6525616645812988,
            "3": 0.6104722023010254,
            "56": 1.4996004104614258,
            "76": 0.7844831943511963,
            "75": 1.1186394691467285,
            "66": 0.8631765842437744,
            "51": 0.6967649459838867,
            "31": 0.6980736255645752,
            "10": 0.703932523727417,
            "0": 0.6144986152648926,
            "55": 0.6540379524230957,
            "21": 0.6276421546936035,
            "49": 1.1365463733673096,
            "19": 2.4569830894470215,
            "74": 0.651930570602417,
            "15": 0.7181985378265381,
            "7": 0.6459836959838867,
            "65": 0.8961114883422852,
            "38": 0.7280151844024658,
            "30": 0.7318384647369385
        }
    }
}